[
    {
        "log": {
            "access": "",
            "error": "",
            "loglevel": "warning"
        },
        "outbounds": [
            {
                "tag": "proxy",
                "protocol": "vless",
                "settings": {
                    "vnext": [
                        {
                            "address": "crackthecode.ftp.sh",
                            "port": 443,
                            "users": [
                                {
                                    "id": "9b55ef31-45a1-4ee7-b306-244571ac0b2e",
                                    "alterId": 0,
                                    "email": "t@t.tt",
                                    "security": "auto",
                                    "encryption": "none",
                                    "flow": ""
                                }
                            ]
                        }
                    ]
                },
                "streamSettings": {
                    "network": "ws",
                    "wsSettings": {
                        "path": "/ulm.minusober.com%3A443/ulm",
                        "headers": {
                            "Host": "vcp3.cushingreflex6.workErS.Dev"
                        }
                    },
                    "security": "tls",
                    "tlsSettings": {
                        "allowInsecure": true,
                        "serverName": "vcp3.cushingreflex6.workErS.Dev",
                        "alpn": [
                            "http/1.1",
                            "h2"
                        ],
                        "show": false
                    },
                    "sockopt": {
                        "dialerProxy": "fragment",
                        "tcpKeepAliveIdle": 100,
                        "tcpNoDelay": true
                    }
                },
                "mux": {
                    "enabled": false,
                    "concurrency": -1
                }
            },
            {
                "tag": "fragment",
                "protocol": "freedom",
                "settings": {
                    "domainStrategy": "AsIs",
                    "fragment": {
                        "packets": "1-5",
                        "length": "1-5",
                        "interval": "1-5"
                    }
                },
                "streamSettings": {
                    "sockopt": {
                        "tcpKeepAliveIdle": 100,
                        "tcpNoDelay": true
                    }
                }
            },
            {
                "tag": "direct",
                "protocol": "freedom",
                "settings": {}
            },
            {
                "tag": "block",
                "protocol": "blackhole",
                "settings": {
                    "response": {
                        "type": "http"
                    }
                }
            }
        ],
        "inbounds": [
            {
                "tag": "socks",
                "port": 10808,
                "listen": "127.0.0.1",
                "protocol": "socks",
                "sniffing": {
                    "enabled": true,
                    "destOverride": [
                        "http",
                        "tls"
                    ],
                    "routeOnly": false
                },
                "settings": {
                    "auth": "noauth",
                    "udp": true,
                    "allowTransparent": false
                }
            },
            {
                "tag": "http",
                "port": 10809,
                "listen": "127.0.0.1",
                "protocol": "http",
                "sniffing": {
                    "enabled": true,
                    "destOverride": [
                        "http",
                        "tls"
                    ],
                    "routeOnly": false
                },
                "settings": {
                    "auth": "noauth",
                    "udp": true,
                    "allowTransparent": false
                }
            }
        ]
    },
    {
        "log": {
            "access": "",
            "error": "",
            "loglevel": "warning"
        },
        "outbounds": [
            {
                "tag": "proxy",
                "protocol": "vmess",
                "settings": {
                    "vnext": [
                        {
                            "address": "crackthecode.ftp.sh",
                            "port": 443,
                            "users": [
                                {
                                    "id": "edbb1059-1633-4271-b66e-ed4fba47a1bf",
                                    "alterId": 0,
                                    "email": "t@t.tt",
                                    "security": "auto"
                                }
                            ]
                        }
                    ]
                },
                "streamSettings": {
                    "network": "ws",
                    "wsSettings": {
                        "path": "/linde06.indiavideo.sbs/linkws",
                        "headers": {
                            "Host": "vcp.cushingreflex4.WORkeRS.deV"
                        }
                    },
                    "security": "tls",
                    "tlsSettings": {
                        "allowInsecure": true,
                        "serverName": "vcp.cushingreflex4.WORkeRS.deV",
                        "alpn": [],
                        "show": false,
                        "fingerprint": "chrome"
                    },
                    "sockopt": {
                        "dialerProxy": "fragment",
                        "tcpKeepAliveIdle": 100,
                        "tcpNoDelay": true
                    }
                },
                "mux": {
                    "enabled": false,
                    "concurrency": -1
                }
            },
            {
                "tag": "fragment",
                "protocol": "freedom",
                "settings": {
                    "domainStrategy": "AsIs",
                    "fragment": {
                        "packets": "1-5",
                        "length": "1-5",
                        "interval": "1-5"
                    }
                },
                "streamSettings": {
                    "sockopt": {
                        "tcpKeepAliveIdle": 100,
                        "tcpNoDelay": true
                    }
                }
            },
            {
                "tag": "direct",
                "protocol": "freedom",
                "settings": {}
            },
            {
                "tag": "block",
                "protocol": "blackhole",
                "settings": {
                    "response": {
                        "type": "http"
                    }
                }
            }
        ],
        "inbounds": [
            {
                "tag": "socks",
                "port": 10808,
                "listen": "127.0.0.1",
                "protocol": "socks",
                "sniffing": {
                    "enabled": true,
                    "destOverride": [
                        "http",
                        "tls"
                    ],
                    "routeOnly": false
                },
                "settings": {
                    "auth": "noauth",
                    "udp": true,
                    "allowTransparent": false
                }
            },
            {
                "tag": "http",
                "port": 10809,
                "listen": "127.0.0.1",
                "protocol": "http",
                "sniffing": {
                    "enabled": true,
                    "destOverride": [
                        "http",
                        "tls"
                    ],
                    "routeOnly": false
                },
                "settings": {
                    "auth": "noauth",
                    "udp": true,
                    "allowTransparent": false
                }
            }
        ]
    },
    {
        "log": {
            "access": "",
            "error": "",
            "loglevel": "warning"
        },
        "outbounds": [
            {
                "tag": "proxy",
                "protocol": "vmess",
                "settings": {
                    "vnext": [
                        {
                            "address": "crackthecode.ftp.sh",
                            "port": 443,
                            "users": [
                                {
                                    "id": "5f726fe3-d82e-4da5-a711-8af0cbb2b682",
                                    "alterId": 0,
                                    "email": "t@t.tt",
                                    "security": "auto"
                                }
                            ]
                        }
                    ]
                },
                "streamSettings": {
                    "network": "ws",
                    "wsSettings": {
                        "path": "/b62a948c-faa2-4e8a-bf8a-3ff3121c875a.asoul-ava.top/azumase.ren",
                        "headers": {
                            "Host": "vcp.cushingreflex3.WORkeRS.deV"
                        }
                    },
                    "security": "tls",
                    "tlsSettings": {
                        "allowInsecure": true,
                        "serverName": "vcp.cushingreflex3.WORkeRS.deV",
                        "alpn": [],
                        "show": false,
                        "fingerprint": "chrome"
                    },
                    "sockopt": {
                        "dialerProxy": "fragment",
                        "tcpKeepAliveIdle": 100,
                        "tcpNoDelay": true
                    }
                },
                "mux": {
                    "enabled": false,
                    "concurrency": -1
                }
            },
            {
                "tag": "fragment",
                "protocol": "freedom",
                "settings": {
                    "domainStrategy": "AsIs",
                    "fragment": {
                        "packets": "1-5",
                        "length": "1-5",
                        "interval": "1-5"
                    }
                },
                "streamSettings": {
                    "sockopt": {
                        "tcpKeepAliveIdle": 100,
                        "tcpNoDelay": true
                    }
                }
            },
            {
                "tag": "direct",
                "protocol": "freedom",
                "settings": {}
            },
            {
                "tag": "block",
                "protocol": "blackhole",
                "settings": {
                    "response": {
                        "type": "http"
                    }
                }
            }
        ],
        "inbounds": [
            {
                "tag": "socks",
                "port": 10808,
                "listen": "127.0.0.1",
                "protocol": "socks",
                "sniffing": {
                    "enabled": true,
                    "destOverride": [
                        "http",
                        "tls"
                    ],
                    "routeOnly": false
                },
                "settings": {
                    "auth": "noauth",
                    "udp": true,
                    "allowTransparent": false
                }
            },
            {
                "tag": "http",
                "port": 10809,
                "listen": "127.0.0.1",
                "protocol": "http",
                "sniffing": {
                    "enabled": true,
                    "destOverride": [
                        "http",
                        "tls"
                    ],
                    "routeOnly": false
                },
                "settings": {
                    "auth": "noauth",
                    "udp": true,
                    "allowTransparent": false
                }
            }
        ]
    },
    {
        "log": {
            "access": "",
            "error": "",
            "loglevel": "warning"
        },
        "outbounds": [
            {
                "tag": "proxy",
                "protocol": "vmess",
                "settings": {
                    "vnext": [
                        {
                            "address": "crackthecode.ftp.sh",
                            "port": 443,
                            "users": [
                                {
                                    "id": "76221bfb-e92f-4e80-81c5-6fe48f50ac0b",
                                    "alterId": 0,
                                    "email": "t@t.tt",
                                    "security": "auto"
                                }
                            ]
                        }
                    ]
                },
                "streamSettings": {
                    "network": "ws",
                    "wsSettings": {
                        "path": "/glweidf.sbs/linkws",
                        "headers": {
                            "Host": "vfarid.surfboardv2ray8830.WOrkErS.DEv"
                        }
                    },
                    "security": "tls",
                    "tlsSettings": {
                        "allowInsecure": true,
                        "serverName": "vfarid.surfboardv2ray8830.WOrkErS.DEv",
                        "alpn": [],
                        "show": false,
                        "fingerprint": "chrome"
                    },
                    "sockopt": {
                        "dialerProxy": "fragment",
                        "tcpKeepAliveIdle": 100,
                        "tcpNoDelay": true
                    }
                },
                "mux": {
                    "enabled": false,
                    "concurrency": -1
                }
            },
            {
                "tag": "fragment",
                "protocol": "freedom",
                "settings": {
                    "domainStrategy": "AsIs",
                    "fragment": {
                        "packets": "1-5",
                        "length": "1-5",
                        "interval": "1-5"
                    }
                },
                "streamSettings": {
                    "sockopt": {
                        "tcpKeepAliveIdle": 100,
                        "tcpNoDelay": true
                    }
                }
            },
            {
                "tag": "direct",
                "protocol": "freedom",
                "settings": {}
            },
            {
                "tag": "block",
                "protocol": "blackhole",
                "settings": {
                    "response": {
                        "type": "http"
                    }
                }
            }
        ],
        "inbounds": [
            {
                "tag": "socks",
                "port": 10808,
                "listen": "127.0.0.1",
                "protocol": "socks",
                "sniffing": {
                    "enabled": true,
                    "destOverride": [
                        "http",
                        "tls"
                    ],
                    "routeOnly": false
                },
                "settings": {
                    "auth": "noauth",
                    "udp": true,
                    "allowTransparent": false
                }
            },
            {
                "tag": "http",
                "port": 10809,
                "listen": "127.0.0.1",
                "protocol": "http",
                "sniffing": {
                    "enabled": true,
                    "destOverride": [
                        "http",
                        "tls"
                    ],
                    "routeOnly": false
                },
                "settings": {
                    "auth": "noauth",
                    "udp": true,
                    "allowTransparent": false
                }
            }
        ]
    },
    {
        "log": {
            "access": "",
            "error": "",
            "loglevel": "warning"
        },
        "outbounds": [
            {
                "tag": "proxy",
                "protocol": "vless",
                "settings": {
                    "vnext": [
                        {
                            "address": "crackthecode.ftp.sh",
                            "port": 443,
                            "users": [
                                {
                                    "id": "ce526092-81c1-42be-8354-88e58946c1f3",
                                    "alterId": 0,
                                    "email": "t@t.tt",
                                    "security": "auto",
                                    "encryption": "none",
                                    "flow": ""
                                }
                            ]
                        }
                    ]
                },
                "streamSettings": {
                    "network": "ws",
                    "wsSettings": {
                        "path": "/monardas.aurorainiceland.com%3A443/nimws",
                        "headers": {
                            "Host": "vcp3.retroperitoneum.WORkeRs.dEV"
                        }
                    },
                    "security": "tls",
                    "tlsSettings": {
                        "allowInsecure": true,
                        "serverName": "vcp3.retroperitoneum.WORkeRs.dEV",
                        "alpn": [
                            "http/1.1",
                            "h2",
                            "h3"
                        ],
                        "show": false
                    },
                    "sockopt": {
                        "dialerProxy": "fragment",
                        "tcpKeepAliveIdle": 100,
                        "tcpNoDelay": true
                    }
                },
                "mux": {
                    "enabled": false,
                    "concurrency": -1
                }
            },
            {
                "tag": "fragment",
                "protocol": "freedom",
                "settings": {
                    "domainStrategy": "AsIs",
                    "fragment": {
                        "packets": "1-5",
                        "length": "1-5",
                        "interval": "1-5"
                    }
                },
                "streamSettings": {
                    "sockopt": {
                        "tcpKeepAliveIdle": 100,
                        "tcpNoDelay": true
                    }
                }
            },
            {
                "tag": "direct",
                "protocol": "freedom",
                "settings": {}
            },
            {
                "tag": "block",
                "protocol": "blackhole",
                "settings": {
                    "response": {
                        "type": "http"
                    }
                }
            }
        ],
        "inbounds": [
            {
                "tag": "socks",
                "port": 10808,
                "listen": "127.0.0.1",
                "protocol": "socks",
                "sniffing": {
                    "enabled": true,
                    "destOverride": [
                        "http",
                        "tls"
                    ],
                    "routeOnly": false
                },
                "settings": {
                    "auth": "noauth",
                    "udp": true,
                    "allowTransparent": false
                }
            },
            {
                "tag": "http",
                "port": 10809,
                "listen": "127.0.0.1",
                "protocol": "http",
                "sniffing": {
                    "enabled": true,
                    "destOverride": [
                        "http",
                        "tls"
                    ],
                    "routeOnly": false
                },
                "settings": {
                    "auth": "noauth",
                    "udp": true,
                    "allowTransparent": false
                }
            }
        ]
    },
    {
        "log": {
            "access": "",
            "error": "",
            "loglevel": "warning"
        },
        "outbounds": [
            {
                "tag": "proxy",
                "protocol": "vless",
                "settings": {
                    "vnext": [
                        {
                            "address": "crackthecode.ftp.sh",
                            "port": 443,
                            "users": [
                                {
                                    "id": "1b30d453-d604-11ee-aaa8-00505603e70d",
                                    "alterId": 0,
                                    "email": "t@t.tt",
                                    "security": "auto",
                                    "encryption": "none",
                                    "flow": ""
                                }
                            ]
                        }
                    ]
                },
                "streamSettings": {
                    "network": "ws",
                    "wsSettings": {
                        "path": "/st-fr-1.brocdn.com%3A443/websocket",
                        "headers": {
                            "Host": "vcp3.obvhaykl.WOrkeRs.dev"
                        }
                    },
                    "security": "tls",
                    "tlsSettings": {
                        "allowInsecure": true,
                        "serverName": "vcp3.obvhaykl.WOrkeRs.dev",
                        "alpn": [
                            "http/1.1",
                            "h2",
                            "h3"
                        ],
                        "show": false
                    },
                    "sockopt": {
                        "dialerProxy": "fragment",
                        "tcpKeepAliveIdle": 100,
                        "tcpNoDelay": true
                    }
                },
                "mux": {
                    "enabled": false,
                    "concurrency": -1
                }
            },
            {
                "tag": "fragment",
                "protocol": "freedom",
                "settings": {
                    "domainStrategy": "AsIs",
                    "fragment": {
                        "packets": "1-5",
                        "length": "1-5",
                        "interval": "1-5"
                    }
                },
                "streamSettings": {
                    "sockopt": {
                        "tcpKeepAliveIdle": 100,
                        "tcpNoDelay": true
                    }
                }
            },
            {
                "tag": "direct",
                "protocol": "freedom",
                "settings": {}
            },
            {
                "tag": "block",
                "protocol": "blackhole",
                "settings": {
                    "response": {
                        "type": "http"
                    }
                }
            }
        ],
        "inbounds": [
            {
                "tag": "socks",
                "port": 10808,
                "listen": "127.0.0.1",
                "protocol": "socks",
                "sniffing": {
                    "enabled": true,
                    "destOverride": [
                        "http",
                        "tls"
                    ],
                    "routeOnly": false
                },
                "settings": {
                    "auth": "noauth",
                    "udp": true,
                    "allowTransparent": false
                }
            },
            {
                "tag": "http",
                "port": 10809,
                "listen": "127.0.0.1",
                "protocol": "http",
                "sniffing": {
                    "enabled": true,
                    "destOverride": [
                        "http",
                        "tls"
                    ],
                    "routeOnly": false
                },
                "settings": {
                    "auth": "noauth",
                    "udp": true,
                    "allowTransparent": false
                }
            }
        ]
    },
    {
        "log": {
            "access": "",
            "error": "",
            "loglevel": "warning"
        },
        "outbounds": [
            {
                "tag": "proxy",
                "protocol": "vmess",
                "settings": {
                    "vnext": [
                        {
                            "address": "crackthecode.ftp.sh",
                            "port": 443,
                            "users": [
                                {
                                    "id": "edbb1059-1633-4271-b66e-ed4fba47a1bf",
                                    "alterId": 0,
                                    "email": "t@t.tt",
                                    "security": "auto"
                                }
                            ]
                        }
                    ]
                },
                "streamSettings": {
                    "network": "ws",
                    "wsSettings": {
                        "path": "/linde06.indiavideo.sbs:443/linkws",
                        "headers": {
                            "Host": "vcp3.surfboardv2ray-221.wORkeRs.dEv"
                        }
                    },
                    "security": "tls",
                    "tlsSettings": {
                        "allowInsecure": true,
                        "serverName": "vcp3.surfboardv2ray-221.wORkeRs.dEv",
                        "alpn": [
                            "h2",
                            "h3"
                        ],
                        "show": false,
                        "fingerprint": "randomized"
                    },
                    "sockopt": {
                        "dialerProxy": "fragment",
                        "tcpKeepAliveIdle": 100,
                        "tcpNoDelay": true
                    }
                },
                "mux": {
                    "enabled": false,
                    "concurrency": -1
                }
            },
            {
                "tag": "fragment",
                "protocol": "freedom",
                "settings": {
                    "domainStrategy": "AsIs",
                    "fragment": {
                        "packets": "1-5",
                        "length": "1-5",
                        "interval": "1-5"
                    }
                },
                "streamSettings": {
                    "sockopt": {
                        "tcpKeepAliveIdle": 100,
                        "tcpNoDelay": true
                    }
                }
            },
            {
                "tag": "direct",
                "protocol": "freedom",
                "settings": {}
            },
            {
                "tag": "block",
                "protocol": "blackhole",
                "settings": {
                    "response": {
                        "type": "http"
                    }
                }
            }
        ],
        "inbounds": [
            {
                "tag": "socks",
                "port": 10808,
                "listen": "127.0.0.1",
                "protocol": "socks",
                "sniffing": {
                    "enabled": true,
                    "destOverride": [
                        "http",
                        "tls"
                    ],
                    "routeOnly": false
                },
                "settings": {
                    "auth": "noauth",
                    "udp": true,
                    "allowTransparent": false
                }
            },
            {
                "tag": "http",
                "port": 10809,
                "listen": "127.0.0.1",
                "protocol": "http",
                "sniffing": {
                    "enabled": true,
                    "destOverride": [
                        "http",
                        "tls"
                    ],
                    "routeOnly": false
                },
                "settings": {
                    "auth": "noauth",
                    "udp": true,
                    "allowTransparent": false
                }
            }
        ]
    },
    {
        "log": {
            "access": "",
            "error": "",
            "loglevel": "warning"
        },
        "outbounds": [
            {
                "tag": "proxy",
                "protocol": "vless",
                "settings": {
                    "vnext": [
                        {
                            "address": "crackthecode.ftp.sh",
                            "port": 443,
                            "users": [
                                {
                                    "id": "149400e4-6910-4a3f-8c4a-c5c175929b87",
                                    "alterId": 0,
                                    "email": "t@t.tt",
                                    "security": "auto",
                                    "encryption": "none",
                                    "flow": ""
                                }
                            ]
                        }
                    ]
                },
                "streamSettings": {
                    "network": "ws",
                    "wsSettings": {
                        "path": "/romb.minusober.com%3A443/romb",
                        "headers": {
                            "Host": "vcp3.dehel15354.wOrkeRS.dEv"
                        }
                    },
                    "security": "tls",
                    "tlsSettings": {
                        "allowInsecure": true,
                        "serverName": "vcp3.dehel15354.wOrkeRS.dEv",
                        "alpn": [
                            "http/1.1",
                            "h2",
                            "h3"
                        ],
                        "show": false
                    },
                    "sockopt": {
                        "dialerProxy": "fragment",
                        "tcpKeepAliveIdle": 100,
                        "tcpNoDelay": true
                    }
                },
                "mux": {
                    "enabled": false,
                    "concurrency": -1
                }
            },
            {
                "tag": "fragment",
                "protocol": "freedom",
                "settings": {
                    "domainStrategy": "AsIs",
                    "fragment": {
                        "packets": "1-5",
                        "length": "1-5",
                        "interval": "1-5"
                    }
                },
                "streamSettings": {
                    "sockopt": {
                        "tcpKeepAliveIdle": 100,
                        "tcpNoDelay": true
                    }
                }
            },
            {
                "tag": "direct",
                "protocol": "freedom",
                "settings": {}
            },
            {
                "tag": "block",
                "protocol": "blackhole",
                "settings": {
                    "response": {
                        "type": "http"
                    }
                }
            }
        ],
        "inbounds": [
            {
                "tag": "socks",
                "port": 10808,
                "listen": "127.0.0.1",
                "protocol": "socks",
                "sniffing": {
                    "enabled": true,
                    "destOverride": [
                        "http",
                        "tls"
                    ],
                    "routeOnly": false
                },
                "settings": {
                    "auth": "noauth",
                    "udp": true,
                    "allowTransparent": false
                }
            },
            {
                "tag": "http",
                "port": 10809,
                "listen": "127.0.0.1",
                "protocol": "http",
                "sniffing": {
                    "enabled": true,
                    "destOverride": [
                        "http",
                        "tls"
                    ],
                    "routeOnly": false
                },
                "settings": {
                    "auth": "noauth",
                    "udp": true,
                    "allowTransparent": false
                }
            }
        ]
    },
    {
        "log": {
            "access": "",
            "error": "",
            "loglevel": "warning"
        },
        "outbounds": [
            {
                "tag": "proxy",
                "protocol": "vmess",
                "settings": {
                    "vnext": [
                        {
                            "address": "crackthecode.ftp.sh",
                            "port": 443,
                            "users": [
                                {
                                    "id": "6c168fcc-2231-4f3b-8c1e-f6391692df4a",
                                    "alterId": 0,
                                    "email": "t@t.tt",
                                    "security": "auto"
                                }
                            ]
                        }
                    ]
                },
                "streamSettings": {
                    "network": "ws",
                    "wsSettings": {
                        "path": "/hms02.fxiaomi.sbs:443/link",
                        "headers": {
                            "Host": "vcp3.epiploic.WOrKeRs.Dev"
                        }
                    },
                    "security": "tls",
                    "tlsSettings": {
                        "allowInsecure": true,
                        "serverName": "vcp3.epiploic.WOrKeRs.Dev",
                        "alpn": [
                            "http/1.1",
                            "h2",
                            "h3"
                        ],
                        "show": false,
                        "fingerprint": "randomized"
                    },
                    "sockopt": {
                        "dialerProxy": "fragment",
                        "tcpKeepAliveIdle": 100,
                        "tcpNoDelay": true
                    }
                },
                "mux": {
                    "enabled": false,
                    "concurrency": -1
                }
            },
            {
                "tag": "fragment",
                "protocol": "freedom",
                "settings": {
                    "domainStrategy": "AsIs",
                    "fragment": {
                        "packets": "1-5",
                        "length": "1-5",
                        "interval": "1-5"
                    }
                },
                "streamSettings": {
                    "sockopt": {
                        "tcpKeepAliveIdle": 100,
                        "tcpNoDelay": true
                    }
                }
            },
            {
                "tag": "direct",
                "protocol": "freedom",
                "settings": {}
            },
            {
                "tag": "block",
                "protocol": "blackhole",
                "settings": {
                    "response": {
                        "type": "http"
                    }
                }
            }
        ],
        "inbounds": [
            {
                "tag": "socks",
                "port": 10808,
                "listen": "127.0.0.1",
                "protocol": "socks",
                "sniffing": {
                    "enabled": true,
                    "destOverride": [
                        "http",
                        "tls"
                    ],
                    "routeOnly": false
                },
                "settings": {
                    "auth": "noauth",
                    "udp": true,
                    "allowTransparent": false
                }
            },
            {
                "tag": "http",
                "port": 10809,
                "listen": "127.0.0.1",
                "protocol": "http",
                "sniffing": {
                    "enabled": true,
                    "destOverride": [
                        "http",
                        "tls"
                    ],
                    "routeOnly": false
                },
                "settings": {
                    "auth": "noauth",
                    "udp": true,
                    "allowTransparent": false
                }
            }
        ]
    },
    {
        "log": {
            "access": "",
            "error": "",
            "loglevel": "warning"
        },
        "outbounds": [
            {
                "tag": "proxy",
                "protocol": "vmess",
                "settings": {
                    "vnext": [
                        {
                            "address": "crackthecode.ftp.sh",
                            "port": 443,
                            "users": [
                                {
                                    "id": "93ea486a-bada-42a4-ac38-d088b320fa1e",
                                    "alterId": 0,
                                    "email": "t@t.tt",
                                    "security": "auto"
                                }
                            ]
                        }
                    ]
                },
                "streamSettings": {
                    "network": "ws",
                    "wsSettings": {
                        "path": "/xmivideo.cfd:443/linkws",
                        "headers": {
                            "Host": "vcp3.jilino2325.WorkErs.DEv"
                        }
                    },
                    "security": "tls",
                    "tlsSettings": {
                        "allowInsecure": true,
                        "serverName": "vcp3.jilino2325.WorkErs.DEv",
                        "alpn": [
                            "http/1.1",
                            "h2",
                            "h3"
                        ],
                        "show": false,
                        "fingerprint": "chrome"
                    },
                    "sockopt": {
                        "dialerProxy": "fragment",
                        "tcpKeepAliveIdle": 100,
                        "tcpNoDelay": true
                    }
                },
                "mux": {
                    "enabled": false,
                    "concurrency": -1
                }
            },
            {
                "tag": "fragment",
                "protocol": "freedom",
                "settings": {
                    "domainStrategy": "AsIs",
                    "fragment": {
                        "packets": "1-5",
                        "length": "1-5",
                        "interval": "1-5"
                    }
                },
                "streamSettings": {
                    "sockopt": {
                        "tcpKeepAliveIdle": 100,
                        "tcpNoDelay": true
                    }
                }
            },
            {
                "tag": "direct",
                "protocol": "freedom",
                "settings": {}
            },
            {
                "tag": "block",
                "protocol": "blackhole",
                "settings": {
                    "response": {
                        "type": "http"
                    }
                }
            }
        ],
        "inbounds": [
            {
                "tag": "socks",
                "port": 10808,
                "listen": "127.0.0.1",
                "protocol": "socks",
                "sniffing": {
                    "enabled": true,
                    "destOverride": [
                        "http",
                        "tls"
                    ],
                    "routeOnly": false
                },
                "settings": {
                    "auth": "noauth",
                    "udp": true,
                    "allowTransparent": false
                }
            },
            {
                "tag": "http",
                "port": 10809,
                "listen": "127.0.0.1",
                "protocol": "http",
                "sniffing": {
                    "enabled": true,
                    "destOverride": [
                        "http",
                        "tls"
                    ],
                    "routeOnly": false
                },
                "settings": {
                    "auth": "noauth",
                    "udp": true,
                    "allowTransparent": false
                }
            }
        ]
    },
    {
        "log": {
            "access": "",
            "error": "",
            "loglevel": "warning"
        },
        "outbounds": [
            {
                "tag": "proxy",
                "protocol": "vless",
                "settings": {
                    "vnext": [
                        {
                            "address": "crackthecode.ftp.sh",
                            "port": 443,
                            "users": [
                                {
                                    "id": "43e00e4c-2316-4dc9-8262-cef31886dc56",
                                    "alterId": 0,
                                    "email": "t@t.tt",
                                    "security": "auto",
                                    "encryption": "none",
                                    "flow": ""
                                }
                            ]
                        }
                    ]
                },
                "streamSettings": {
                    "network": "ws",
                    "wsSettings": {
                        "path": "/marly.toptechnonews.com%3A443/nimws",
                        "headers": {
                            "Host": "vcp3.cushingreflex5.wOrKerS.DEv"
                        }
                    },
                    "security": "tls",
                    "tlsSettings": {
                        "allowInsecure": true,
                        "serverName": "vcp3.cushingreflex5.wOrKerS.DEv",
                        "alpn": [
                            "h2"
                        ],
                        "show": false
                    },
                    "sockopt": {
                        "dialerProxy": "fragment",
                        "tcpKeepAliveIdle": 100,
                        "tcpNoDelay": true
                    }
                },
                "mux": {
                    "enabled": false,
                    "concurrency": -1
                }
            },
            {
                "tag": "fragment",
                "protocol": "freedom",
                "settings": {
                    "domainStrategy": "AsIs",
                    "fragment": {
                        "packets": "1-5",
                        "length": "1-5",
                        "interval": "1-5"
                    }
                },
                "streamSettings": {
                    "sockopt": {
                        "tcpKeepAliveIdle": 100,
                        "tcpNoDelay": true
                    }
                }
            },
            {
                "tag": "direct",
                "protocol": "freedom",
                "settings": {}
            },
            {
                "tag": "block",
                "protocol": "blackhole",
                "settings": {
                    "response": {
                        "type": "http"
                    }
                }
            }
        ],
        "inbounds": [
            {
                "tag": "socks",
                "port": 10808,
                "listen": "127.0.0.1",
                "protocol": "socks",
                "sniffing": {
                    "enabled": true,
                    "destOverride": [
                        "http",
                        "tls"
                    ],
                    "routeOnly": false
                },
                "settings": {
                    "auth": "noauth",
                    "udp": true,
                    "allowTransparent": false
                }
            },
            {
                "tag": "http",
                "port": 10809,
                "listen": "127.0.0.1",
                "protocol": "http",
                "sniffing": {
                    "enabled": true,
                    "destOverride": [
                        "http",
                        "tls"
                    ],
                    "routeOnly": false
                },
                "settings": {
                    "auth": "noauth",
                    "udp": true,
                    "allowTransparent": false
                }
            }
        ]
    },
    {
        "log": {
            "access": "",
            "error": "",
            "loglevel": "warning"
        },
        "outbounds": [
            {
                "tag": "proxy",
                "protocol": "vmess",
                "settings": {
                    "vnext": [
                        {
                            "address": "crackthecode.ftp.sh",
                            "port": 443,
                            "users": [
                                {
                                    "id": "05641cf5-58d2-4ba4-a9f1-b3cda0b1fb1d",
                                    "alterId": 0,
                                    "email": "t@t.tt",
                                    "security": "auto"
                                }
                            ]
                        }
                    ]
                },
                "streamSettings": {
                    "network": "ws",
                    "wsSettings": {
                        "path": "/obdii.cfd:443/linkws",
                        "headers": {
                            "Host": "vcp.cushingreflex2.wORkers.dEV"
                        }
                    },
                    "security": "tls",
                    "tlsSettings": {
                        "allowInsecure": true,
                        "serverName": "vcp.cushingreflex2.wORkers.dEV",
                        "alpn": [
                            "http/1.1",
                            "h2",
                            "h3"
                        ],
                        "show": false,
                        "fingerprint": "randomized"
                    },
                    "sockopt": {
                        "dialerProxy": "fragment",
                        "tcpKeepAliveIdle": 100,
                        "tcpNoDelay": true
                    }
                },
                "mux": {
                    "enabled": false,
                    "concurrency": -1
                }
            },
            {
                "tag": "fragment",
                "protocol": "freedom",
                "settings": {
                    "domainStrategy": "AsIs",
                    "fragment": {
                        "packets": "1-5",
                        "length": "1-5",
                        "interval": "1-5"
                    }
                },
                "streamSettings": {
                    "sockopt": {
                        "tcpKeepAliveIdle": 100,
                        "tcpNoDelay": true
                    }
                }
            },
            {
                "tag": "direct",
                "protocol": "freedom",
                "settings": {}
            },
            {
                "tag": "block",
                "protocol": "blackhole",
                "settings": {
                    "response": {
                        "type": "http"
                    }
                }
            }
        ],
        "inbounds": [
            {
                "tag": "socks",
                "port": 10808,
                "listen": "127.0.0.1",
                "protocol": "socks",
                "sniffing": {
                    "enabled": true,
                    "destOverride": [
                        "http",
                        "tls"
                    ],
                    "routeOnly": false
                },
                "settings": {
                    "auth": "noauth",
                    "udp": true,
                    "allowTransparent": false
                }
            },
            {
                "tag": "http",
                "port": 10809,
                "listen": "127.0.0.1",
                "protocol": "http",
                "sniffing": {
                    "enabled": true,
                    "destOverride": [
                        "http",
                        "tls"
                    ],
                    "routeOnly": false
                },
                "settings": {
                    "auth": "noauth",
                    "udp": true,
                    "allowTransparent": false
                }
            }
        ]
    }
]
