{"log": {"access": "", "error": "", "loglevel": "warning"}, "outbounds": [{"tag": "proxy", "protocol": "vmess", "settings": {"vnext": [{"address": "crackthecode.ftp.sh", "port": 443, "users": [{"id": "93ea486a-bada-42a4-ac38-d088b320fa1e", "alterId": 0, "email": "t@t.tt", "security": "auto"}]}]}, "streamSettings": {"network": "ws", "wsSettings": {"path": "/xmivideo.cfd:443/linkws", "headers": {"Host": "vcp3.jilino2325.WorkErs.DEv"}}, "security": "tls", "tlsSettings": {"allowInsecure": true, "serverName": "vcp3.jilino2325.WorkErs.DEv", "alpn": ["http/1.1", "h2", "h3"], "show": false, "fingerprint": "chrome"}}, "mux": {"enabled": false, "concurrency": -1}}, {"tag": "direct", "protocol": "freedom", "settings": {}}, {"tag": "block", "protocol": "blackhole", "settings": {"response": {"type": "http"}}}], "inbounds": [{"tag": "socks", "port": 10808, "listen": "127.0.0.1", "protocol": "socks", "sniffing": {"enabled": true, "destOverride": ["http", "tls"], "routeOnly": false}, "settings": {"auth": "noauth", "udp": true, "allowTransparent": false}}, {"tag": "http", "port": 10809, "listen": "127.0.0.1", "protocol": "http", "sniffing": {"enabled": true, "destOverride": ["http", "tls"], "routeOnly": false}, "settings": {"auth": "noauth", "udp": true, "allowTransparent": false}}]}