{"log": {"access": "", "error": "", "loglevel": "warning"}, "outbounds": [{"tag": "proxy", "protocol": "vmess", "settings": {"vnext": [{"address": "crackthecode.ftp.sh", "port": 443, "users": [{"id": "edbb1059-1633-4271-b66e-ed4fba47a1bf", "alterId": 0, "email": "t@t.tt", "security": "auto"}]}]}, "streamSettings": {"network": "ws", "wsSettings": {"path": "/linde06.indiavideo.sbs/linkws", "headers": {"Host": "vcp.cushingreflex4.WORkeRS.deV"}}, "security": "tls", "tlsSettings": {"allowInsecure": true, "serverName": "vcp.cushingreflex4.WORkeRS.deV", "alpn": [], "show": false, "fingerprint": "chrome"}}, "mux": {"enabled": false, "concurrency": -1}}, {"tag": "direct", "protocol": "freedom", "settings": {}}, {"tag": "block", "protocol": "blackhole", "settings": {"response": {"type": "http"}}}], "inbounds": [{"tag": "socks", "port": 10808, "listen": "127.0.0.1", "protocol": "socks", "sniffing": {"enabled": true, "destOverride": ["http", "tls"], "routeOnly": false}, "settings": {"auth": "noauth", "udp": true, "allowTransparent": false}}, {"tag": "http", "port": 10809, "listen": "127.0.0.1", "protocol": "http", "sniffing": {"enabled": true, "destOverride": ["http", "tls"], "routeOnly": false}, "settings": {"auth": "noauth", "udp": true, "allowTransparent": false}}]}