{"log": {"access": "", "error": "", "loglevel": "warning"}, "outbounds": [{"tag": "proxy", "protocol": "vmess", "settings": {"vnext": [{"address": "crackthecode.ftp.sh", "port": 443, "users": [{"id": "5f726fe3-d82e-4da5-a711-8af0cbb2b682", "alterId": 0, "email": "t@t.tt", "security": "auto"}]}]}, "streamSettings": {"network": "ws", "wsSettings": {"path": "/b62a948c-faa2-4e8a-bf8a-3ff3121c875a.asoul-ava.top/azumase.ren", "headers": {"Host": "vcp.cushingreflex3.WORkeRS.deV"}}, "security": "tls", "tlsSettings": {"allowInsecure": true, "serverName": "vcp.cushingreflex3.WORkeRS.deV", "alpn": [], "show": false, "fingerprint": "chrome"}}, "mux": {"enabled": false, "concurrency": -1}}, {"tag": "direct", "protocol": "freedom", "settings": {}}, {"tag": "block", "protocol": "blackhole", "settings": {"response": {"type": "http"}}}], "inbounds": [{"tag": "socks", "port": 10808, "listen": "127.0.0.1", "protocol": "socks", "sniffing": {"enabled": true, "destOverride": ["http", "tls"], "routeOnly": false}, "settings": {"auth": "noauth", "udp": true, "allowTransparent": false}}, {"tag": "http", "port": 10809, "listen": "127.0.0.1", "protocol": "http", "sniffing": {"enabled": true, "destOverride": ["http", "tls"], "routeOnly": false}, "settings": {"auth": "noauth", "udp": true, "allowTransparent": false}}]}