{"log": {"access": "", "error": "", "loglevel": "warning"}, "outbounds": [{"tag": "proxy", "protocol": "vless", "settings": {"vnext": [{"address": "crackthecode.ftp.sh", "port": 443, "users": [{"id": "149400e4-6910-4a3f-8c4a-c5c175929b87", "alterId": 0, "email": "t@t.tt", "security": "auto", "encryption": "none", "flow": ""}]}]}, "streamSettings": {"network": "ws", "wsSettings": {"path": "/romb.minusober.com%3A443/romb", "headers": {"Host": "vcp3.dehel15354.wOrkeRS.dEv"}}, "security": "tls", "tlsSettings": {"allowInsecure": true, "serverName": "vcp3.dehel15354.wOrkeRS.dEv", "alpn": ["http/1.1", "h2", "h3"], "show": false}}, "mux": {"enabled": false, "concurrency": -1}}, {"tag": "direct", "protocol": "freedom", "settings": {}}, {"tag": "block", "protocol": "blackhole", "settings": {"response": {"type": "http"}}}], "inbounds": [{"tag": "socks", "port": 10808, "listen": "127.0.0.1", "protocol": "socks", "sniffing": {"enabled": true, "destOverride": ["http", "tls"], "routeOnly": false}, "settings": {"auth": "noauth", "udp": true, "allowTransparent": false}}, {"tag": "http", "port": 10809, "listen": "127.0.0.1", "protocol": "http", "sniffing": {"enabled": true, "destOverride": ["http", "tls"], "routeOnly": false}, "settings": {"auth": "noauth", "udp": true, "allowTransparent": false}}]}