{"log": {"access": "", "error": "", "loglevel": "warning"}, "outbounds": [{"tag": "proxy", "protocol": "vmess", "settings": {"vnext": [{"address": "crackthecode.ftp.sh", "port": 443, "users": [{"id": "76221bfb-e92f-4e80-81c5-6fe48f50ac0b", "alterId": 0, "email": "t@t.tt", "security": "auto"}]}]}, "streamSettings": {"network": "ws", "wsSettings": {"path": "/glweidf.sbs/linkws", "headers": {"Host": "vfarid.surfboardv2ray8830.WOrkErS.DEv"}}, "security": "tls", "tlsSettings": {"allowInsecure": true, "serverName": "vfarid.surfboardv2ray8830.WOrkErS.DEv", "alpn": [], "show": false, "fingerprint": "chrome"}}, "mux": {"enabled": false, "concurrency": -1}}, {"tag": "direct", "protocol": "freedom", "settings": {}}, {"tag": "block", "protocol": "blackhole", "settings": {"response": {"type": "http"}}}], "inbounds": [{"tag": "socks", "port": 10808, "listen": "127.0.0.1", "protocol": "socks", "sniffing": {"enabled": true, "destOverride": ["http", "tls"], "routeOnly": false}, "settings": {"auth": "noauth", "udp": true, "allowTransparent": false}}, {"tag": "http", "port": 10809, "listen": "127.0.0.1", "protocol": "http", "sniffing": {"enabled": true, "destOverride": ["http", "tls"], "routeOnly": false}, "settings": {"auth": "noauth", "udp": true, "allowTransparent": false}}]}