{"log": {"access": "", "error": "", "loglevel": "warning"}, "outbounds": [{"tag": "proxy", "protocol": "vless", "settings": {"vnext": [{"address": "crackthecode.ftp.sh", "port": 443, "users": [{"id": "43e00e4c-2316-4dc9-8262-cef31886dc56", "alterId": 0, "email": "t@t.tt", "security": "auto", "encryption": "none", "flow": ""}]}]}, "streamSettings": {"network": "ws", "wsSettings": {"path": "/marly.toptechnonews.com%3A443/nimws", "headers": {"Host": "vcp3.cushingreflex5.wOrKerS.DEv"}}, "security": "tls", "tlsSettings": {"allowInsecure": true, "serverName": "vcp3.cushingreflex5.wOrKerS.DEv", "alpn": ["h2"], "show": false}}, "mux": {"enabled": false, "concurrency": -1}}, {"tag": "direct", "protocol": "freedom", "settings": {}}, {"tag": "block", "protocol": "blackhole", "settings": {"response": {"type": "http"}}}], "inbounds": [{"tag": "socks", "port": 10808, "listen": "127.0.0.1", "protocol": "socks", "sniffing": {"enabled": true, "destOverride": ["http", "tls"], "routeOnly": false}, "settings": {"auth": "noauth", "udp": true, "allowTransparent": false}}, {"tag": "http", "port": 10809, "listen": "127.0.0.1", "protocol": "http", "sniffing": {"enabled": true, "destOverride": ["http", "tls"], "routeOnly": false}, "settings": {"auth": "noauth", "udp": true, "allowTransparent": false}}]}